id,username,last_name,mobile,college_name,passed_out_year,password_hash,email,created_at
1,Ramachandran,Senthil,73394 07192,KSRCT,2025,scrypt:32768:8:1$wID1bYdGOKFBUDFZ$97b37095b453a058fb9ceaa869ef27e4b2811f85b1833c0bb8c3bf5ae80808babc6f7da139f905a60f75a631da02177bd11a457bfd50d81dedd0b5d7f831d1f0,rctsr04@gmail.com,17-06-2025 11.36
2,Test,1,7904989933,KSRCT,2025,scrypt:32768:8:1$Ziz2eq6PUzeTk6vA$770706cc824a5496adecf8a752267894d939c574fd8db4e675b5bec23748a5b9fc9c3e6984dbb3c7f73bec695e544043d555d86361aa5b5d231c1684399dc414,mikeyram35@gmail.com,17-06-2025 11.48
3,Kowsick,Raja,1234567890,SNS College,2026,scrypt:32768:8:1$DYTeQSANbjR0bPoN$40ecf9895f86bef6ec2be3e6251ad4fd91f3dffe9bbad5895479fa10c4dace5243a1381380049f3308083513627ca208a497e079a664fcad021b77804899ec02,kowsickraja@gmail.com,17-06-2025 11.58
4,kaliyappan,Rangan,9344580329,psg,2025,scrypt:32768:8:1$oSJqviemiR5o1iQA$4e363011a44322dadf4fce394d13e7d2c879f30803fbff9fc8b2a8998af093e83c7fe36f3d6c0e0d46c23283fbf7837932dfe2adde961d8a7dcc2ce3ee861353,yappank17@gmail.com,17-06-2025 12.01
6,kaliyappan,Rangan,9344580329,psg,2025,scrypt:32768:8:1$HHqMpNFC3a30PsQZ$30cf334ad8596c0a88eb182fa8106928f9179f6994e484cf766b100f6076d5cf209a0c88d4a03c7f217b0fdd43eb09722e31ffda1d8ced72fce6fec2f7efefe1,yappank18@gmail.com,17-06-2025 12.02
